"RK",TIERS,"PLAYER NAME",TEAM,"POS","BYE WEEK","SOS SEASON","ECR VS. ADP"
"1",1,"Christian McCaffrey",CAR,"RB1","13","3 out of 5 stars","+1"
"2",1,"Jonathan Taylor",IND,"RB2","14","3 out of 5 stars","-1"
"3",1,"Austin Ekeler",LAC,"RB3","8","2 out of 5 stars","0"
"4",1,"Dalvin Cook",MIN,"RB4","7","4 out of 5 stars","+4"
"5",2,"Najee Harris",PIT,"RB5","9","3 out of 5 stars","+2"
"6",2,"Justin Jefferson",MIN,"WR1","7","2 out of 5 stars","0"
"7",2,"Cooper Kupp",LAR,"WR2","7","2 out of 5 stars","-3"
"8",2,"Derrick Henry",TEN,"RB6","6","4 out of 5 stars","-3"
"9",2,"Travis Kelce",KC,"TE1","8","3 out of 5 stars","+4"
"10",2,"D'Andre Swift",DET,"RB7","6","4 out of 5 stars","+4"
"11",2,"Joe Mixon",CIN,"RB8","10","3 out of 5 stars","-1"
"12",2,"Ja'Marr Chase",CIN,"WR3","10","3 out of 5 stars","-3"
"13",3,"Stefon Diggs",BUF,"WR4","7","4 out of 5 stars","-1"
"14",3,"Davante Adams",LV,"WR5","6","2 out of 5 stars","-3"
"15",3,"Aaron Jones",GB,"RB9","14","3 out of 5 stars","+4"
"16",3,"CeeDee Lamb",DAL,"WR6","9","3 out of 5 stars","+1"
"17",3,"Saquon Barkley",NYG,"RB10","9","3 out of 5 stars","+7"
"18",3,"Leonard Fournette",TB,"RB11","11","2 out of 5 stars","+7"
"19",3,"Mark Andrews",BAL,"TE2","10","2 out of 5 stars","+4"
"20",3,"Alvin Kamara",NO,"RB12","14","3 out of 5 stars","-2"
"21",4,"Mike Evans",TB,"WR7","11","4 out of 5 stars","+5"
"22",4,"Keenan Allen",LAC,"WR8","8","3 out of 5 stars","+5"
"23",4,"Tyreek Hill",MIA,"WR9","11","2 out of 5 stars","-3"
"24",4,"Deebo Samuel",SF,"WR10","9","3 out of 5 stars","-9"
"25",4,"Javonte Williams",DEN,"RB13","9","3 out of 5 stars","-4"
"26",4,"Nick Chubb",CLE,"RB14","9","3 out of 5 stars","-10"
"27",4,"Michael Pittman Jr.",IND,"WR11","14","4 out of 5 stars","+10"
"28",4,"Tee Higgins",CIN,"WR12","10","3 out of 5 stars","+3"
"29",4,"A.J. Brown",PHI,"WR13","7","4 out of 5 stars","-1"
"30",4,"DJ Moore",CAR,"WR14","13","3 out of 5 stars","+14"
"31",4,"James Conner",ARI,"RB15","13","2 out of 5 stars","-1"
"32",4,"Ezekiel Elliott",DAL,"RB16","9","4 out of 5 stars","-3"
"33",4,"Diontae Johnson",PIT,"WR15","9","4 out of 5 stars","+8"
"34",4,"Josh Allen",BUF,"QB1","7","3 out of 5 stars","-12"
"35",4,"Kyle Pitts",ATL,"TE3","14","2 out of 5 stars","-1"
"36",5,"David Montgomery",CHI,"RB17","14","5 out of 5 stars","-4"
"37",5,"Jaylen Waddle",MIA,"WR16","11","2 out of 5 stars","+3"
"38",5,"Travis Etienne Jr.",JAC,"RB18","11","3 out of 5 stars","+9"
"39",5,"Breece Hall",NYJ,"RB19","10","4 out of 5 stars","+12"
"40",5,"Cam Akers",LAR,"RB20","7","2 out of 5 stars","-5"
"41",5,"Terry McLaurin",WAS,"WR17","14","4 out of 5 stars","+1"
"42",5,"Brandin Cooks",HOU,"WR18","6","3 out of 5 stars","+11"
"43",5,"Justin Herbert",LAC,"QB2","8","3 out of 5 stars","-7"
"44",5,"Mike Williams",LAC,"WR19","8","3 out of 5 stars","+8"
"45",5,"Courtland Sutton",DEN,"WR20","9","4 out of 5 stars","+17"
"46",5,"Antonio Gibson",WAS,"RB21","14","4 out of 5 stars","-8"
"47",5,"Patrick Mahomes II",KC,"QB3","8","2 out of 5 stars","-14"
"48",5,"DK Metcalf",SEA,"WR21","11","4 out of 5 stars","-3"
"49",5,"George Kittle",SF,"TE4","9","4 out of 5 stars","-10"
"50",5,"Lamar Jackson",BAL,"QB4","10","2 out of 5 stars","-2"
"51",5,"Josh Jacobs",LV,"RB22","6","2 out of 5 stars","-8"
"52",5,"J.K. Dobbins",BAL,"RB23","10","4 out of 5 stars","-2"
"53",6,"Allen Robinson II",LAR,"WR22","7","2 out of 5 stars","+18"
"54",6,"Darren Waller",LV,"TE5","6","2 out of 5 stars","-8"
"55",6,"Elijah Mitchell",SF,"RB24","9","2 out of 5 stars","-6"
"56",6,"Marquise Brown",ARI,"WR23","13","2 out of 5 stars","+9"
"57",6,"AJ Dillon",GB,"RB25","14","3 out of 5 stars","+3"
"58",6,"Amari Cooper",CLE,"WR24","9","4 out of 5 stars","-1"
"59",6,"Jerry Jeudy",DEN,"WR25","9","4 out of 5 stars","+2"
"60",6,"Darnell Mooney",CHI,"WR26","14","3 out of 5 stars","+10"
"61",6,"Rashod Bateman",BAL,"WR27","10","3 out of 5 stars","+31"
"62",6,"Dalton Schultz",DAL,"TE6","9","3 out of 5 stars","-4"
"63",6,"Michael Thomas",NO,"WR28","14","4 out of 5 stars","+10"
"64",6,"Kyler Murray",ARI,"QB5","13","2 out of 5 stars","-9"
"65",6,"Chris Godwin",TB,"WR29","11","4 out of 5 stars","-11"
"66",6,"Amon-Ra St. Brown",DET,"WR30","6","3 out of 5 stars","+1"
"67",6,"Jalen Hurts",PHI,"QB6","7","4 out of 5 stars","-4"
"68",6,"JuJu Smith-Schuster",KC,"WR31","8","2 out of 5 stars","+18"
"69",6,"Miles Sanders",PHI,"RB26","7","3 out of 5 stars","0"
"70",6,"Chase Edmonds",MIA,"RB27","11","4 out of 5 stars","+23"
"71",6,"Clyde Edwards-Helaire",KC,"RB28","8","3 out of 5 stars","-12"
"72",6,"Kareem Hunt",CLE,"RB29","9","3 out of 5 stars","+7"
"73",7,"Elijah Moore",NYJ,"WR32","10","1 out of 5 stars","+14"
"74",7,"T.J. Hockenson",DET,"TE7","6","4 out of 5 stars","-10"
"75",7,"Damien Harris",NE,"RB30","10","4 out of 5 stars","-9"
"76",7,"Joe Burrow",CIN,"QB7","10","2 out of 5 stars","-20"
"77",7,"Adam Thielen",MIN,"WR33","7","2 out of 5 stars","-9"
"78",7,"Tony Pollard",DAL,"RB31","9","4 out of 5 stars","+6"
"79",7,"Gabriel Davis",BUF,"WR34","7","4 out of 5 stars","-3"
"80",7,"Rashaad Penny",SEA,"RB32","11","2 out of 5 stars","+2"
"81",7,"Devin Singletary",BUF,"RB33","7","4 out of 5 stars","-1"
"82",7,"Tom Brady",TB,"QB8","11","3 out of 5 stars","-1"
"83",7,"Cordarrelle Patterson",ATL,"RB34","14","1 out of 5 stars","-5"
"84",7,"Dak Prescott",DAL,"QB9","9","3 out of 5 stars","-10"
"85",7,"Russell Wilson",DEN,"QB10","9","4 out of 5 stars","-2"
"86",7,"Dallas Goedert",PHI,"TE8","7","2 out of 5 stars","-9"
"87",7,"Melvin Gordon III",DEN,"RB35","9","3 out of 5 stars","+10"
"88",7,"DeVonta Smith",PHI,"WR35","7","4 out of 5 stars","0"
"89",7,"Hunter Renfrow",LV,"WR36","6","2 out of 5 stars","-14"
"90",7,"Rhamondre Stevenson",NE,"RB36","10","4 out of 5 stars","+17"
"91",7,"Brandon Aiyuk",SF,"WR37","9","3 out of 5 stars","+5"
"92",7,"Drake London",ATL,"WR38","14","4 out of 5 stars","+3"
"93",7,"Zach Ertz",ARI,"TE9","13","3 out of 5 stars","-2"
"94",7,"Tyler Lockett",SEA,"WR39","11","4 out of 5 stars","-5"
"95",7,"Ken Walker III",SEA,"RB37","11","2 out of 5 stars","+3"
"96",8,"Christian Kirk",JAC,"WR40","11","4 out of 5 stars","+5"
"97",8,"Trey Lance",SF,"QB11","9","3 out of 5 stars","+3"
"98",8,"Matthew Stafford",LAR,"QB12","7","3 out of 5 stars","-8"
"99",8,"DeAndre Hopkins",ARI,"WR41","13","2 out of 5 stars","-27"
"100",8,"Aaron Rodgers",GB,"QB13","14","2 out of 5 stars","-15"
"101",8,"Allen Lazard",GB,"WR42","14","3 out of 5 stars","+8"
"102",8,"Robert Woods",TEN,"WR43","6","3 out of 5 stars","-3"
"103",8,"James Cook",BUF,"RB38","7","4 out of 5 stars","+8"
"104",8,"Kadarius Toney",NYG,"WR44","9","4 out of 5 stars","+12"
"105",8,"Pat Freiermuth",PIT,"TE10","9","4 out of 5 stars","+7"
"106",8,"Treylon Burks",TEN,"WR45","6","3 out of 5 stars","+2"
"107",8,"Michael Carter",NYJ,"RB39","10","4 out of 5 stars","-3"
"108",8,"Nyheim Hines",IND,"RB40","14","3 out of 5 stars","+16"
"109",8,"Cole Kmet",CHI,"TE11","14","5 out of 5 stars","+17"
"110",8,"Chase Claypool",PIT,"WR46","9","4 out of 5 stars","-5"
"111",8,"Kirk Cousins",MIN,"QB14","7","3 out of 5 stars","+6"
"112",8,"Dawson Knox",BUF,"TE12","7","3 out of 5 stars","-18"
"113",8,"Derek Carr",LV,"QB15","6","2 out of 5 stars","-7"
"114",8,"Alexander Mattison",MIN,"RB41","7","4 out of 5 stars","+5"
"115",8,"Russell Gage",TB,"WR47","11","4 out of 5 stars","-1"
"116",8,"Darrell Henderson Jr.",LAR,"RB42","7","2 out of 5 stars","+4"
"117",8,"Jakobi Meyers",NE,"WR48","10","4 out of 5 stars","+34"
"118",8,"Garrett Wilson",NYJ,"WR49","10","1 out of 5 stars","+4"
"119",8,"Chris Olave",NO,"WR50","14","4 out of 5 stars","-6"
"120",8,"Tyler Boyd",CIN,"WR51","10","3 out of 5 stars","+3"
"121",8,"J.D. McKissic",WAS,"RB43","14","4 out of 5 stars","+19"
"122",8,"James Robinson",JAC,"RB44","11","3 out of 5 stars","-20"
"123",8,"Kenneth Gainwell",PHI,"RB45","7","3 out of 5 stars","+37"
"124",8,"Ronald Jones II",KC,"RB46","8","3 out of 5 stars","-3"
"125",8,"Mike Gesicki",MIA,"TE13","11","3 out of 5 stars","-15"
"126",9,"Skyy Moore",KC,"WR52","8","2 out of 5 stars","+1"
"127",9,"Dameon Pierce",HOU,"RB47","6","3 out of 5 stars","+10"
"128",9,"Isaiah Spiller",LAC,"RB48","8","2 out of 5 stars","+15"
"129",9,"Jarvis Landry",NO,"WR53","14","4 out of 5 stars","+10"
"130",9,"DeVante Parker",NE,"WR54","10","4 out of 5 stars","+15"
"131",9,"Hunter Henry",NE,"TE14","10","4 out of 5 stars","+7"
"132",9,"Kenny Golladay",NYG,"WR55","9","4 out of 5 stars","+25"
"133",9,"Tua Tagovailoa",MIA,"QB16","11","2 out of 5 stars","-8"
"134",9,"Rondale Moore",ARI,"WR56","13","2 out of 5 stars","+35"
"135",9,"Marquez Valdes-Scantling",KC,"WR57","8","2 out of 5 stars","+7"
"136",9,"Justin Fields",CHI,"QB17","14","4 out of 5 stars","-1"
"137",9,"Noah Fant",SEA,"TE15","11","2 out of 5 stars","+17"
"138",9,"Michael Gallup",DAL,"WR58","9","3 out of 5 stars","+3"
"139",9,"Irv Smith Jr.",MIN,"TE16","7","3 out of 5 stars","+11"
"140",9,"Jamaal Williams",DET,"RB49","6","4 out of 5 stars","+24"
"141",9,"DJ Chark Jr.",DET,"WR59","6","3 out of 5 stars","+12"
"142",9,"Raheem Mostert",MIA,"RB50","11","4 out of 5 stars","-8"
"143",9,"Tyler Allgeier",ATL,"RB51","14","1 out of 5 stars","+22"
"144",9,"Albert Okwuegbunam",DEN,"TE17","9","3 out of 5 stars","+24"
"145",9,"Khalil Herbert",CHI,"RB52","14","5 out of 5 stars","+63"
"146",9,"Tyler Higbee",LAR,"TE18","7","3 out of 5 stars","+35"
"147",9,"Trevor Lawrence",JAC,"QB18","11","5 out of 5 stars","+9"
"148",9,"Gerald Everett",LAC,"TE19","8","4 out of 5 stars","+30"
"149",9,"Rachaad White",TB,"RB53","11","2 out of 5 stars","+18"
"150",9,"Robert Tonyan",GB,"TE20","14","1 out of 5 stars","+26"
"151",9,"Jahan Dotson",WAS,"WR60","14","4 out of 5 stars","+24"
"152",9,"David Njoku",CLE,"TE21","9","4 out of 5 stars","+7"
"153",9,"Marlon Mack",HOU,"RB54","6","3 out of 5 stars","-6"
"154",9,"Evan Engram",JAC,"TE22","11","4 out of 5 stars","+28"
"155",9,"Darrel Williams",ARI,"RB55","13","2 out of 5 stars","+40"
"156",9,"Julio Jones",TB,"WR61","11","4 out of 5 stars","+10"
"157",9,"Corey Davis",NYJ,"WR62","10","1 out of 5 stars","+56"
"158",10,"Gus Edwards",BAL,"RB56","10","4 out of 5 stars","+43"
"159",10,"Jameis Winston",NO,"QB19","14","3 out of 5 stars","+11"
"160",10,"Robbie Anderson",CAR,"WR63","13","3 out of 5 stars","+34"
"161",10,"Matt Ryan",IND,"QB20","14","3 out of 5 stars","-3"
"162",10,"Buffalo Bills",BUF,"DST1","7","4 out of 5 stars","-59"
"163",10,"Sony Michel",MIA,"RB57","11","4 out of 5 stars","+56"
"164",10,"Mecole Hardman",KC,"WR64","8","2 out of 5 stars","-16"
"165",10,"Jameson Williams",DET,"WR65","6","3 out of 5 stars","+9"
"166",10,"Austin Hooper",TEN,"TE23","6","5 out of 5 stars","+32"
"167",10,"Nico Collins",HOU,"WR66","6","3 out of 5 stars","+69"
"168",10,"Tampa Bay Buccaneers",TB,"DST2","11","4 out of 5 stars","-50"
"169",10,"Mark Ingram II",NO,"RB58","14","3 out of 5 stars","-6"
"170",10,"Van Jefferson",LAR,"WR67","7","2 out of 5 stars","+23"
"171",10,"Ryan Tannehill",TEN,"QB21","6","4 out of 5 stars","+9"
"172",10,"San Francisco 49ers",SF,"DST3","9","4 out of 5 stars","-39"
"173",10,"Logan Thomas",WAS,"TE24","14","4 out of 5 stars","+58"
"174",10,"Marvin Jones Jr.",JAC,"WR68","11","4 out of 5 stars","+30"
"175",10,"D'Onta Foreman",CAR,"RB59","13","3 out of 5 stars","+32"
"176",10,"Indianapolis Colts",IND,"DST4","14","3 out of 5 stars","-40"
"177",10,"George Pickens",PIT,"WR69","9","4 out of 5 stars","-4"
"178",10,"Christian Watson",GB,"WR70","14","3 out of 5 stars","-29"
"179",10,"Daniel Jones",NYG,"QB22","9","5 out of 5 stars","+44"
"180",10,"Jamison Crowder",BUF,"WR71","7","4 out of 5 stars","+58"
"181",10,"Mac Jones",NE,"QB23","10","4 out of 5 stars","-9"
"182",10,"Joshua Palmer",LAC,"WR72","8","3 out of 5 stars","+20"
"183",10,"Justin Tucker",BAL,"K1","10","3 out of 5 stars","-68"
"184",10,"Denver Broncos",DEN,"DST5","9","3 out of 5 stars","+3"
"185",10,"K.J. Osborn",MIN,"WR73","7","2 out of 5 stars","+33"
"186",10,"Zach Wilson",NYJ,"QB24","10","1 out of 5 stars","+17"
"187",10,"New Orleans Saints",NO,"DST6","14","3 out of 5 stars","-59"
"188",10,"New England Patriots",NE,"DST7","10","3 out of 5 stars","-26"
"189",10,"Los Angeles Rams",LAR,"DST8","7","3 out of 5 stars","-60"
"190",10,"Brian Robinson Jr.",WAS,"RB60","14","4 out of 5 stars","+21"
"191",10,"Hayden Hurst",CIN,"TE25","10","2 out of 5 stars","+8"
"192",10,"Tyler Bass",BUF,"K2","7","4 out of 5 stars","-40"
"193",10,"Kendrick Bourne",NE,"WR74","10","4 out of 5 stars","+57"
"194",10,"Kenyan Drake",LV,"RB61","6","2 out of 5 stars","-4"
"195",10,"Matt Gay",LAR,"K3","7","2 out of 5 stars","-49"
"196",10,"Sterling Shepard",NYG,"WR75","9","4 out of 5 stars","+122"
"197",10,"Donovan Peoples-Jones",CLE,"WR76","9","4 out of 5 stars","+47"
"198",11,"Dallas Cowboys",DAL,"DST9","9","2 out of 5 stars","-67"
"199",11,"Daniel Carlson",LV,"K4","6","2 out of 5 stars","-67"
"200",11,"Jalen Tolbert",DAL,"WR77","9","3 out of 5 stars","-14"
"201",11,"Curtis Samuel",WAS,"WR78","14","4 out of 5 stars","+57"
"202",11,"Evan McPherson",CIN,"K5","10","0 out of 5 stars","-41"
"203",11,"Parris Campbell",IND,"WR79","14","4 out of 5 stars","+57"
"204",11,"Los Angeles Chargers",LAC,"DST10","8","4 out of 5 stars","-49"
"205",11,"KJ Hamler",DEN,"WR80","9","4 out of 5 stars","+81"
"206",11,"Miami Dolphins",MIA,"DST11","11","3 out of 5 stars","-21"
"207",11,"Wan'Dale Robinson",NYG,"WR81","9","4 out of 5 stars","+36"
"208",11,"Green Bay Packers",GB,"DST12","14","3 out of 5 stars","-29"
"209",11,"Zamir White",LV,"RB62","6","2 out of 5 stars","+11"
"210",11,"David Bell",CLE,"WR82","9","4 out of 5 stars","+58"
"211",11,"Carson Wentz",WAS,"QB25","14","4 out of 5 stars","-1"
"212",11,"Kansas City Chiefs",KC,"DST13","8","3 out of 5 stars","+10"
"213",11,"Deshaun Watson",CLE,"QB26","9","4 out of 5 stars","-69"
"214",11,"Ryan Succop",TB,"K6","11","1 out of 5 stars","-25"
"215",11,"A.J. Green",ARI,"WR83","13","2 out of 5 stars","+9"
"216",11,"Brevin Jordan",HOU,"TE26","6","3 out of 5 stars","+72"
"217",11,"Chuba Hubbard",CAR,"RB63","13","3 out of 5 stars","-26"
"218",11,"Boston Scott",PHI,"RB64","7","3 out of 5 stars","+72"
"219",11,"Laviska Shenault Jr.",JAC,"WR84","11","4 out of 5 stars","+51"
"220",11,"Matt Prater",ARI,"K7","13","2 out of 5 stars","-49"
"221",11,"Jared Goff",DET,"QB27","6","3 out of 5 stars","+11"
"222",11,"Harrison Butker",KC,"K8","8","5 out of 5 stars","-92"
"223",11,"Cleveland Browns",CLE,"DST14","9","4 out of 5 stars","-6"
"224",11,"Tyrion Davis-Price",SF,"RB65","9","2 out of 5 stars","-18"
"225",11,"Samaje Perine",CIN,"RB66","10","3 out of 5 stars","+29"
"226",11,"Baltimore Ravens",BAL,"DST15","10","4 out of 5 stars","-43"
"227",11,"Alec Pierce",IND,"WR85","14","4 out of 5 stars","-27"
"228",11,"Philadelphia Eagles",PHI,"DST16","7","2 out of 5 stars","-3"
"229",11,"Damien Williams",ATL,"RB67","14","1 out of 5 stars","+52"
"230",11,"Terrace Marshall Jr.",CAR,"WR86","13","3 out of 5 stars","+53"
"231",11,"Pittsburgh Steelers",PIT,"DST17","9","5 out of 5 stars","-54"
"232",11,"Younghoe Koo",ATL,"K9","14","1 out of 5 stars","-48"
"233",11,"Rodrigo Blankenship",IND,"K10","14","4 out of 5 stars","-37"
"234",11,"Jason Sanders",MIA,"K11","11","1 out of 5 stars","+41"
"235",11,"Jonnu Smith",NE,"TE27","10","4 out of 5 stars","+91"
"236",11,"Jerick McKinnon",KC,"RB68","8","3 out of 5 stars","+1"
"237",11,"Byron Pringle",CHI,"WR87","14","3 out of 5 stars","+63"
"238",11,"D'Ernest Johnson",CLE,"RB69","9","3 out of 5 stars","+7"
"239",11,"Arizona Cardinals",ARI,"DST18","13","3 out of 5 stars","+32"
"240",11,"Braxton Berrios",NYJ,"WR88","10","1 out of 5 stars","+150"
"241",11,"Adam Trautman",NO,"TE28","14","4 out of 5 stars","+86"
"242",11,"Myles Gaskin",MIA,"RB70","11","4 out of 5 stars","-15"
"243",11,"Trey Sermon",SF,"RB71","9","2 out of 5 stars","+10"
"244",11,"Nick Folk",NE,"K12","10","5 out of 5 stars","-56"
"245",11,"Brandon McManus",DEN,"K13","9","4 out of 5 stars","-53"
"246",11,"Isaiah McKenzie",BUF,"WR89","7","4 out of 5 stars","-11"
"247",11,"Baker Mayfield",CAR,"QB28","13","3 out of 5 stars","-42"
"248",12,"Davis Mills",HOU,"QB29","6","4 out of 5 stars","-14"
"249",12,"Robbie Gould",SF,"K14","9","3 out of 5 stars","-20"
"250",12,"Zay Jones",JAC,"WR90","11","4 out of 5 stars","+57"
"251",12,"Jeff Wilson Jr.",SF,"RB72","9","2 out of 5 stars","+16"
"252",12,"Jake Elliott",PHI,"K15","7","2 out of 5 stars","-12"
"253",12,"William Fuller V",FA,"WR91","-","-","+13"
"254",12,"Bryan Edwards",ATL,"WR92","14","4 out of 5 stars","+66"
"255",12,"Cincinnati Bengals",CIN,"DST19","10","4 out of 5 stars","-40"
"256",12,"Rex Burkhead",HOU,"RB73","6","3 out of 5 stars","+13"
"257",12,"Tennessee Titans",TEN,"DST20","6","2 out of 5 stars","-43"
"258",12,"Carolina Panthers",CAR,"DST21","13","4 out of 5 stars","-1"
"259",12,"Dustin Hopkins",LAC,"K16","8","5 out of 5 stars","-31"
"260",12,"Mo Alie-Cox",IND,"TE29","14","2 out of 5 stars","+12"
"261",12,"Dan Arnold",JAC,"TE30","11","4 out of 5 stars","+130"
"262",12,"Randall Cobb",GB,"WR93","14","3 out of 5 stars","-21"
"263",12,"Mike Davis",BAL,"RB74","10","4 out of 5 stars","+1"
"264",12,"Odell Beckham Jr.",FA,"WR94","-","-","-43"
"265",12,"Greg Zuerlein",NYJ,"K17","10","0 out of 5 stars","+49"
"266",12,"Sammy Watkins",GB,"WR95","14","3 out of 5 stars","-54"
"267",12,"Marquez Callaway",NO,"WR96","14","4 out of 5 stars","+15"
"268",12,"C.J. Uzomah",NYJ,"TE31","10","3 out of 5 stars","-7"
"269",12,"Minnesota Vikings",MIN,"DST22","7","2 out of 5 stars","-53"
"270",12,"Wil Lutz",NO,"K18","14","4 out of 5 stars","-37"
"271",12,"Cedrick Wilson Jr.",MIA,"WR97","11","2 out of 5 stars","+30"
"272",12,"Chris Boswell",PIT,"K19","9","3 out of 5 stars","-42"
"273",12,"Zack Moss",BUF,"RB75","7","4 out of 5 stars","+29"
"274",12,"Chicago Bears",CHI,"DST23","14","1 out of 5 stars","+5"
"275",12,"Mason Crosby",GB,"K20","14","4 out of 5 stars","-27"
"276",12,"Marcus Mariota",ATL,"QB30","14","3 out of 5 stars","-3"
"277",12,"Nelson Agholor",NE,"WR98","10","4 out of 5 stars","+63"
"278",12,"Cameron Brate",TB,"TE32","11","3 out of 5 stars","-69"
"279",12,"Matt Breida",NYG,"RB76","9","3 out of 5 stars","-16"
"280",12,"Graham Gano",NYG,"K21","9","1 out of 5 stars","-33"
"281",12,"Romeo Doubs",GB,"WR99","14","3 out of 5 stars","-84"
"282",12,"Washington Commanders",WAS,"DST24","14","1 out of 5 stars","-56"
"283",12,"Tre'Quan Smith",NO,"WR100","14","4 out of 5 stars","+109"
"284",12,"Jason Myers",SEA,"K22","11","5 out of 5 stars","+24"
"285",12,"Trey McBride",ARI,"TE33","13","3 out of 5 stars","+19"
"286",12,"O.J. Howard",BUF,"TE34","7","3 out of 5 stars","+58"
"287",12,"Hassan Haskins",TEN,"RB77","6","4 out of 5 stars","-45"
"288",12,"New York Giants",NYG,"DST25","9","2 out of 5 stars","-29"
"289",12,"Mitch Trubisky",PIT,"QB31","9","3 out of 5 stars","-11"
"290",12,"Greg Joseph",MIN,"K23","7","0 out of 5 stars","-51"
"291",12,"Cairo Santos",CHI,"K24","14","3 out of 5 stars","+20"
"292",12,"Seattle Seahawks",SEA,"DST26","11","3 out of 5 stars","+3"
"293",12,"Darius Slayton",NYG,"WR101","9","4 out of 5 stars","+112"
"294",12,"Eno Benjamin",ARI,"RB78","13","2 out of 5 stars","-7"
"295",12,"New York Jets",NYJ,"DST27","10","4 out of 5 stars","-33"
"296",12,"Randy Bullock",TEN,"K25","6","3 out of 5 stars","-3"
"297",12,"Ty Johnson",NYJ,"RB79","10","4 out of 5 stars","+101"
"298",13,"Josh Reynolds",DET,"WR102","6","3 out of 5 stars","+61"
"299",13,"Chris Evans",CIN,"RB80","10","3 out of 5 stars","-43"
"300",13,"Quez Watkins",PHI,"WR103","7","4 out of 5 stars","+35"
"301",13,"Ka'imi Fairbairn",HOU,"K26","6","4 out of 5 stars","+52"
"302",13,"Phillip Lindsay",IND,"RB81","14","3 out of 5 stars","-8"
"303",13,"Jacksonville Jaguars",JAC,"DST28","11","2 out of 5 stars","+39"
"304",13,"Ke'Shawn Vaughn",TB,"RB82","11","2 out of 5 stars","-15"
"305",13,"Pierre Strong Jr.",NE,"RB83","10","4 out of 5 stars","+19"
"306",13,"Jalen Reagor",PHI,"WR104","7","4 out of 5 stars","-"
"307",13,"Emmanuel Sanders",FA,"WR105","-","-","+70"
"308",13,"Dyami Brown",WAS,"WR106","14","4 out of 5 stars","-"
"309",13,"Kyle Rudolph",TB,"TE35","11","3 out of 5 stars","-58"
"310",13,"Isiah Pacheco",KC,"RB84","8","3 out of 5 stars","-12"
"311",13,"Kyren Williams",LAR,"RB85","7","2 out of 5 stars","-1"
"312",13,"Darrynton Evans",CHI,"RB86","14","5 out of 5 stars","-"
"313",13,"Quintez Cephus",DET,"WR107","6","3 out of 5 stars","+20"
"314",13,"Cole Beasley",FA,"WR108","-","-","+64"
"315",13,"Giovani Bernard",TB,"RB87","11","2 out of 5 stars","+6"
"316",13,"Velus Jones Jr.",CHI,"WR109","14","3 out of 5 stars","+22"
"317",13,"Justin Jackson",DET,"RB88","6","4 out of 5 stars","-"
"318",13,"Devin Duvernay",BAL,"WR110","10","3 out of 5 stars","-34"
"319",13,"Drew Lock",SEA,"QB32","11","3 out of 5 stars","+12"
"320",13,"Salvon Ahmed",MIA,"RB89","11","4 out of 5 stars","-"
"321",13,"Kenny Pickett",PIT,"QB33","9","3 out of 5 stars","-69"
"322",13,"Jimmy Garoppolo",SF,"QB34","9","3 out of 5 stars","-42"
"323",13,"Joshua Kelley",LAC,"RB90","8","2 out of 5 stars","-"
"324",13,"Greg Dulcich",DEN,"TE36","9","3 out of 5 stars","-9"
"325",13,"Duke Johnson Jr.",BUF,"RB91","7","4 out of 5 stars","+35"
"326",13,"Chase McLaughlin",FA,"K27","-","-","-"
"327",13,"Tyler Badie",BAL,"RB92","10","4 out of 5 stars","-31"
"328",13,"Josh Lambo",FA,"K28","-","-","-"
"329",13,"Jared Cook",FA,"TE37","-","-","+64"
"330",13,"Nick Westbrook-Ikhine",TEN,"WR111","6","3 out of 5 stars","+15"
"331",13,"Tyler Conklin",NYJ,"TE38","10","3 out of 5 stars","-32"
"332",13,"David Johnson",FA,"RB93","-","-","+32"
"333",13,"Daniel Bellinger",NYG,"TE39","9","4 out of 5 stars","+4"
"334",13,"Dontrell Hilliard",TEN,"RB94","6","4 out of 5 stars","-69"
"335",13,"Ricky Seals-Jones",NYG,"TE40","9","4 out of 5 stars","+19"
"336",13,"Tevin Coleman",NYJ,"RB95","10","4 out of 5 stars","+60"
"337",13,"Harrison Bryant",CLE,"TE41","9","4 out of 5 stars","-"
"338",13,"Jerome Ford",CLE,"RB96","9","3 out of 5 stars","-"
"339",13,"T.Y. Hilton",FA,"WR112","-","-","+42"
"340",13,"Tommy Tremble",CAR,"TE42","13","3 out of 5 stars","+44"
"341",13,"Tyquan Thornton",NE,"WR113","10","4 out of 5 stars","-19"
"342",13,"Anthony Firkser",ATL,"TE43","14","2 out of 5 stars","-"
"343",13,"Geno Smith",SEA,"QB35","11","3 out of 5 stars","-11"
"344",13,"Snoop Conner",JAC,"RB97","11","3 out of 5 stars","+21"
"345",13,"Jacoby Brissett",CLE,"QB36","9","4 out of 5 stars","+1"
"346",13,"Sam Darnold",CAR,"QB37","13","3 out of 5 stars","+49"
"347",14,"Donald Parham Jr.",LAC,"TE44","8","4 out of 5 stars","+1"
"348",14,"Malcolm Brown",FA,"RB98","-","-","-"
"349",14,"James Proche II",BAL,"WR114","10","3 out of 5 stars","-19"
"350",14,"Demarcus Robinson",LV,"WR115","6","2 out of 5 stars","-11"
"351",14,"Jaret Patterson",WAS,"RB99","14","4 out of 5 stars","+38"
"352",14,"Jalen Guyton",LAC,"WR116","8","3 out of 5 stars","-39"
"353",14,"Devontae Booker",FA,"RB100","-","-","-56"
"354",14,"Latavius Murray",FA,"RB101","-","-","+31"
"355",14,"James Washington",DAL,"WR117","9","3 out of 5 stars","-14"
"356",14,"John Metchie III",HOU,"WR118","6","3 out of 5 stars","-40"
"357",14,"Las Vegas Raiders",LV,"DST29","6","3 out of 5 stars","-102"
"358",14,"Amari Rodgers",GB,"WR119","14","3 out of 5 stars","-53"
"359",14,"Kyle Philips",TEN,"WR120","6","3 out of 5 stars","+17"
"360",14,"Jelani Woods",IND,"TE45","14","2 out of 5 stars","-10"
"361",14,"Atlanta Falcons",ATL,"DST30","14","5 out of 5 stars","-70"
"362",14,"Khalil Shakir",BUF,"WR121","7","4 out of 5 stars","+38"
"363",14,"Desmond Ridder",ATL,"QB38","14","3 out of 5 stars","-7"
"364",14,"Devonta Freeman",FA,"RB102","-","-","+15"
"365",14,"Foster Moreau",LV,"TE46","6","2 out of 5 stars","-31"
"366",14,"Cade York",CLE,"K29","9","3 out of 5 stars","-117"
"367",14,"Detroit Lions",DET,"DST31","6","2 out of 5 stars","-93"
"368",14,"Wayne Gallman Jr.",FA,"RB103","-","-","+18"
"369",14,"Cade Otton",TB,"TE47","11","3 out of 5 stars","-46"
"370",14,"Calvin Austin III",PIT,"WR122","9","4 out of 5 stars","-13"
"371",14,"Keaontay Ingram",ARI,"RB104","13","2 out of 5 stars","-94"
"372",14,"Olamide Zaccheaus",ATL,"WR123","14","4 out of 5 stars","-63"
"373",14,"John Bates",WAS,"TE48","14","4 out of 5 stars","-"
"374",14,"Jonathan Garibay",FA,"K30","-","-","-89"
"375",14,"Anthony Schwartz",CLE,"WR124","9","4 out of 5 stars","-"
"376",14,"Dee Eskridge",SEA,"WR125","11","4 out of 5 stars","-"
"377",14,"DeeJay Dallas",SEA,"RB105","11","2 out of 5 stars","-"
"378",14,"Kylen Granson",IND,"TE49","14","2 out of 5 stars","-"
"379",14,"Laquon Treadwell",JAC,"WR126","11","4 out of 5 stars","-"
"380",14,"Jauan Jennings",SF,"WR127","9","3 out of 5 stars","-31"
"381",14,"Houston Texans",HOU,"DST32","6","4 out of 5 stars","-23"
"382",14,"Rashard Higgins",CAR,"WR128","13","3 out of 5 stars","-20"
"383",14,"Antonio Brown",FA,"WR129","-","-","-17"
"384",14,"Tyler Johnson",TB,"WR130","11","4 out of 5 stars","-"
"385",14,"Chris Conley",HOU,"WR131","6","3 out of 5 stars","-"
"386",14,"Joey Slye",WAS,"K31","14","4 out of 5 stars","-94"
"387",14,"Benny Snell Jr.",PIT,"RB106","9","3 out of 5 stars","-44"
"388",14,"Tristan Vizcaino",NE,"K32","10","5 out of 5 stars","-"
"389",14,"Josiah Deguara",GB,"TE50","14","1 out of 5 stars","-28"
"390",14,"Danny Gray",SF,"WR132","9","3 out of 5 stars","-"
"391",14,"Kene Nwangwu",MIN,"RB107","7","4 out of 5 stars","-"
"392",14,"Derrick Gore",KC,"RB108","8","3 out of 5 stars","-37"
"393",14,"Abram Smith",NO,"RB109","14","3 out of 5 stars","-74"
"394",14,"Pharaoh Brown",HOU,"TE51","6","3 out of 5 stars","-"
"395",14,"Austin Seibert",DET,"K33","6","3 out of 5 stars","-"
"396",14,"Teddy Bridgewater",MIA,"QB39","11","2 out of 5 stars","-49"
"397",14,"Brandon Bolden",LV,"RB110","6","2 out of 5 stars","-61"
"398",14,"Equanimeous St. Brown",CHI,"WR133","14","3 out of 5 stars","+9"
"399",14,"Zach Pascal",PHI,"WR134","7","4 out of 5 stars","-19"
"400",14,"Eric Ebron",FA,"TE52","-","-","-"
"401",14,"Taysom Hill",NO,"QB40","14","3 out of 5 stars","-155"
"402",14,"N'Keal Harry",CHI,"WR135","14","3 out of 5 stars","-31"
"403",14,"Zane Gonzalez",CAR,"K34","13","4 out of 5 stars","-75"
"404",14,"Tutu Atwell",LAR,"WR136","7","2 out of 5 stars","-"
"405",14,"Deonte Harty",NO,"WR137","14","4 out of 5 stars","-6"
"406",14,"Craig Reynolds",DET,"RB111","6","4 out of 5 stars","-"
"407",14,"Noah Brown",DAL,"WR138","9","3 out of 5 stars","-"
"408",15,"Ameer Abdullah",LV,"RB112","6","2 out of 5 stars","-132"
"409",15,"Ashton Dulin",IND,"WR139","14","4 out of 5 stars","-"
"410",15,"Tylan Wallace",BAL,"WR140","10","3 out of 5 stars","-"
"411",15,"Tarik Cohen",FA,"RB113","-","-","-"
"412",15,"Keelan Cole Sr.",LV,"WR141","6","2 out of 5 stars","-"
"413",15,"Isaiah Likely",BAL,"TE53","10","2 out of 5 stars","-"
"414",15,"Tyrell Williams",FA,"WR142","-","-","-"
"415",15,"Auden Tate",ATL,"WR143","14","4 out of 5 stars","-"
"416",15,"Ryan Santoso",JAC,"K35","11","4 out of 5 stars","-"
"417",15,"Riley Patterson",DET,"K36","6","3 out of 5 stars","-"
"418",15,"Blake Jarwin",FA,"TE54","-","-","-"
"419",15,"Jamal Agnew",JAC,"WR144","11","4 out of 5 stars","-"
"420",15,"Kevin Harris",NE,"RB114","10","4 out of 5 stars","-"
"421",15,"Jeremy Ruckert",NYJ,"TE55","10","3 out of 5 stars","-"
"422",15,"Freddie Swain",SEA,"WR145","11","4 out of 5 stars","-"
"423",15,"Chris Herndon IV",NO,"TE56","14","4 out of 5 stars","-"
"424",15,"Antoine Wesley",ARI,"WR146","13","2 out of 5 stars","-"
"425",15,"Brett Maher",DAL,"K37","9","5 out of 5 stars","-"
"426",15,"Malik Willis",TEN,"QB41","6","4 out of 5 stars","-59"
"427",15,"Kyle Juszczyk",SF,"RB115","9","2 out of 5 stars","-115"
"428",15,"Jordan Akins",NYG,"TE57","9","4 out of 5 stars","-"
"429",15,"Tony Jones Jr.",NO,"RB116","14","3 out of 5 stars","-104"
"430",15,"Denzel Mims",NYJ,"WR147","10","1 out of 5 stars","-"
"431",15,"Will Dissly",SEA,"TE58","11","2 out of 5 stars","-"
"432",15,"Jordan Howard",FA,"RB117","-","-","-49"
"433",15,"Carlos Hyde",FA,"RB118","-","-","-"
"434",15,"Geoff Swaim",TEN,"TE59","6","5 out of 5 stars","-"
"435",15,"Matt Corral",CAR,"QB42","13","3 out of 5 stars","-"
"436",15,"Jimmy Graham",FA,"TE60","-","-","-"
"437",15,"Le'Veon Bell",FA,"RB119","-","-","-"
"438",15,"Travis Homer",SEA,"RB120","11","2 out of 5 stars","-"
"439",15,"Jashaun Corbin",NYG,"RB121","9","3 out of 5 stars","-"
"440",15,"JaMycal Hasty",SF,"RB122","9","2 out of 5 stars","-"
"441",15,"Ty Montgomery",NE,"RB123","10","4 out of 5 stars","-"
"442",15,"Patrick Ricard",BAL,"RB124","10","4 out of 5 stars","-"
"443",15,"Quinn Nordin",FA,"K38","-","-","-"
"444",15,"Kennedy Brooks",PHI,"RB125","7","3 out of 5 stars","-"
"445",15,"Demetric Felton Jr.",CLE,"RB126","9","3 out of 5 stars","-"
"446",15,"C.J. Ham",MIN,"RB127","7","4 out of 5 stars","-"
"447",15,"Chris Moore",HOU,"WR148","6","3 out of 5 stars","-"
"448",15,"Anthony McFarland Jr.",PIT,"RB128","9","3 out of 5 stars","-"
"449",15,"Ian Thomas",CAR,"TE61","13","3 out of 5 stars","-"
"450",15,"DeSean Jackson",FA,"WR149","-","-","-"
"451",15,"Trestan Ebner",CHI,"RB129","14","5 out of 5 stars","-"
"452",15,"Kalif Raymond",DET,"WR150","6","3 out of 5 stars","-58"
"453",15,"Jeremy McNichols",PIT,"RB130","9","3 out of 5 stars","-"
"454",15,"Gary Brightwell",NYG,"RB131","9","3 out of 5 stars","-"
"455",15,"Ihmir Smith-Marsette",MIN,"WR151","7","2 out of 5 stars","-"
"456",15,"Jake Ferguson",DAL,"TE62","9","3 out of 5 stars","-"
"457",15,"Dare Ogunbowale",HOU,"RB132","6","3 out of 5 stars","-"
"458",15,"Ben Skowronek",LAR,"WR152","7","2 out of 5 stars","-"
"459",15,"Juwan Johnson",NO,"TE63","14","4 out of 5 stars","-57"
"460",15,"James O'Shaughnessy",CHI,"TE64","14","5 out of 5 stars","-"
"461",15,"Justice Hill",BAL,"RB133","10","4 out of 5 stars","-"
"462",15,"Ty Chandler",MIN,"RB134","7","4 out of 5 stars","-"
"463",15,"Gardner Minshew II",PHI,"QB43","7","4 out of 5 stars","-"
"464",15,"Kylin Hill",GB,"RB135","14","3 out of 5 stars","-"
"465",15,"Mike Boone",DEN,"RB136","9","3 out of 5 stars","-"
"466",15,"Lirim Hajrullahu",DAL,"K39","9","5 out of 5 stars","-149"
"467",15,"Ryquell Armstead",JAC,"RB137","11","3 out of 5 stars","-"
"468",15,"Mack Hollins",LV,"WR153","6","2 out of 5 stars","-"
"469",15,"Justyn Ross",KC,"WR154","8","2 out of 5 stars","-140"
"470",15,"Carlos Martinez",DAL,"K40","9","5 out of 5 stars","-"
"471",15,"Justin Watson",KC,"WR155","8","2 out of 5 stars","-"
"472",15,"Jalen Wydermyer",BUF,"TE65","7","3 out of 5 stars","-"
"473",15,"Keith Smith",ATL,"RB138","14","1 out of 5 stars","-"
"474",15,"Mason Rudolph",PIT,"QB44","9","3 out of 5 stars","-"
"475",15,"Anthony Miller",PIT,"WR156","9","4 out of 5 stars","-"
"476",15,"Ryan Griffin",CHI,"TE66","14","5 out of 5 stars","-"
"477",15,"Jaylen Warren",PIT,"RB139","9","3 out of 5 stars","-"
"478",15,"J.J. Taylor",NE,"RB140","10","4 out of 5 stars","-"
"479",15,"Dez Fitzpatrick",TEN,"WR157","6","3 out of 5 stars","-"
"480",15,"Jakob Johnson",LV,"RB141","6","2 out of 5 stars","-"
"481",15,"Alec Ingold",MIA,"RB142","11","4 out of 5 stars","-"
"482",15,"Tyrod Taylor",NYG,"QB45","9","5 out of 5 stars","-"
"483",15,"Jordan Mason",SF,"RB143","9","2 out of 5 stars","-"
"484",16,"Jermar Jefferson",DET,"RB144","6","4 out of 5 stars","-"
"485",16,"Chigoziem Okonkwo",TEN,"TE67","6","5 out of 5 stars","-"
"486",16,"Adam Shaheen",MIA,"TE68","11","3 out of 5 stars","-"
"487",16,"Montrell Washington",DEN,"WR158","9","4 out of 5 stars","-"
"488",16,"Breshad Perriman",TB,"WR159","11","4 out of 5 stars","-91"
"489",16,"Mataeo Durant",PIT,"RB145","9","3 out of 5 stars","-"
"490",16,"Charlie Kolar",BAL,"TE69","10","2 out of 5 stars","-"
"491",16,"Tyler Kroft",SF,"TE70","9","4 out of 5 stars","-"
"492",16,"Durham Smythe",MIA,"TE71","11","3 out of 5 stars","-"
"493",16,"Tyler Huntley",BAL,"QB46","10","2 out of 5 stars","-111"
"494",16,"Jacob Harris",LAR,"TE72","7","3 out of 5 stars","-"
"495",16,"Larry Rountree III",LAC,"RB146","8","2 out of 5 stars","-"
"496",16,"Miles Boykin",PIT,"WR160","9","4 out of 5 stars","-"
"497",16,"Drew Sample",CIN,"TE73","10","2 out of 5 stars","-"
"498",16,"Maxx Williams",ARI,"TE74","13","3 out of 5 stars","-"
"499",16,"Marcedes Lewis",GB,"TE75","14","1 out of 5 stars","-148"
"500",16,"Nick Boyle",BAL,"TE76","10","2 out of 5 stars","-"
"501",16,"Zonovan Knight",NYJ,"RB147","10","4 out of 5 stars","-"
"502",16,"Jerrion Ealy",KC,"RB148","8","3 out of 5 stars","-139"
"503",16,"Phillip Dorsett II",HOU,"WR161","6","3 out of 5 stars","-"
"504",16,"Damiere Byrd",ATL,"WR162","14","4 out of 5 stars","-"
"505",16,"Brandon Zylstra",CAR,"WR163","13","3 out of 5 stars","-"
"506",16,"Blake Bell",KC,"TE77","8","3 out of 5 stars","-154"
"507",16,"Cam Sims",WAS,"WR164","14","4 out of 5 stars","-139"
"508",16,"DeAndre Carter",LAC,"WR165","8","3 out of 5 stars","-"
"509",16,"Ross Dwelley",SF,"TE78","9","4 out of 5 stars","-"
"510",16,"Tre' McKitty",LAC,"TE79","8","4 out of 5 stars","-"
"511",16,"Zach Gentry",PIT,"TE80","9","4 out of 5 stars","-"
"512",16,"Qadree Ollison",ATL,"RB149","14","1 out of 5 stars","-"
"513",16,"Marquise Goodwin",SEA,"WR166","11","4 out of 5 stars","-138"
"514",16,"Cyril Grayson Jr.",TB,"WR167","11","4 out of 5 stars","-"
"515",16,"Rico Dowdle",DAL,"RB150","9","4 out of 5 stars","-"
"516",16,"Noah Gray",KC,"TE81","8","3 out of 5 stars","-"
"517",16,"Pooka Williams Jr.",CIN,"RB151","10","3 out of 5 stars","-"
"518",16,"Cole Turner",WAS,"TE82","14","4 out of 5 stars","-"
"519",16,"Nick Vannett",NO,"TE83","14","4 out of 5 stars","-"
"520",16,"Josh Gordon",KC,"WR168","8","2 out of 5 stars","-151"
"521",16,"Hunter Long",MIA,"TE84","11","3 out of 5 stars","-"
"522",16,"Bisi Johnson",MIN,"WR169","7","2 out of 5 stars","-"
"523",16,"Trent Sherfield",MIA,"WR170","11","2 out of 5 stars","-"
"524",16,"Trayveon Williams",CIN,"RB152","10","3 out of 5 stars","-"
"525",16,"Deon Jackson",IND,"RB153","14","3 out of 5 stars","-"
"526",16,"Michael Burton",KC,"RB154","8","3 out of 5 stars","-"
"527",16,"James Mitchell",DET,"TE85","6","4 out of 5 stars","-"
"528",16,"Lil'Jordan Humphrey",NE,"WR171","10","4 out of 5 stars","-"
"529",16,"Scotty Miller",TB,"WR172","11","4 out of 5 stars","-"
"530",16,"Johnny Mundt",MIN,"TE86","7","3 out of 5 stars","-"
"531",16,"Reggie Gilliam",BUF,"RB155","7","4 out of 5 stars","-"
"532",16,"Mike Thomas",CIN,"WR173","10","3 out of 5 stars","-"
"533",16,"Andy Janovich",HOU,"RB156","6","3 out of 5 stars","-"
"534",16,"Ty'Son Williams",IND,"RB157","14","3 out of 5 stars","-"
"535",16,"Patrick Taylor Jr.",GB,"RB158","14","3 out of 5 stars","-"
"536",16,"Bo Melton",SEA,"WR174","11","4 out of 5 stars","-"